{"cameraMode":{"drawMode":0,"name":"Shaded","section":"Shading Mode"},"sceneLighting":false,"audioPlay":false,"sceneViewState":{"showFog":true,"showMaterialUpdate":false,"showSkybox":false,"showFlares":true,"showImageEffects":true,"showParticleSystems":true},"in2DMode":false,"pivot":{"x":0.13327980041503907,"y":3.131429672241211,"z":-0.9892301559448242},"rotation":{"x":0.06000450253486633,"y":0.9381575584411621,"z":-0.2696683406829834,"w":0.20875798165798188},"size":10.37977123260498,"orthographic":false}