{"cameraMode":{"drawMode":0,"name":"Shaded","section":"Shading Mode"},"sceneLighting":false,"audioPlay":false,"sceneViewState":{"showFog":true,"showMaterialUpdate":false,"showSkybox":false,"showFlares":true,"showImageEffects":true,"showParticleSystems":true},"in2DMode":false,"pivot":{"x":1279.1351318359375,"y":5.013376712799072,"z":340.2605895996094},"rotation":{"x":0.09685716778039932,"y":0.8671669960021973,"z":-0.18591728806495667,"w":0.4517660140991211},"size":77.59960174560547,"orthographic":false}